groupA,groupB,Df,SumsOfSqs,F.Model,R2,p.value,p.adjusted,sig,Metric,WindowGroup,Factor
4CNA , 4EPS,1,0.3801606789556089,1.6289685488025871,0.05318391790461616,0.108,0.11009708737864077,,Dice-Sorensen,windows456,WindowSite
4CNA , 4FOX,1,1.0060560592393262,4.317846940995878,0.17755876790706748,0.001,0.0014685314685314685,*,Dice-Sorensen,windows456,WindowSite
4CNA , 4HOL,1,2.0362342217349663,7.685303767043191,0.24255105217065648,0.001,0.0014685314685314685,*,Dice-Sorensen,windows456,WindowSite
4CNA , 4MAP,1,1.1211351176896025,4.02099446285092,0.07583777904558588,0.003,0.003772455089820359,*,Dice-Sorensen,windows456,WindowSite
4CNA , 4PEN,1,0.9787117962257401,4.8449936297791725,0.18048034194370666,0.001,0.0014685314685314685,*,Dice-Sorensen,windows456,WindowSite
4CNA , 5CNA,1,0.46381739982144277,2.1893161703810975,0.0776647491960604,0.007,0.008305084745762711,*,Dice-Sorensen,windows456,WindowSite
4CNA , 5EPS,1,0.5059077026981893,2.506042688251954,0.07954165215380771,0.015,0.016844919786096257,.,Dice-Sorensen,windows456,WindowSite
4CNA , 5FOX,1,1.1171785319665657,3.5838459812931736,0.10362774525516102,0.002,0.002658227848101266,*,Dice-Sorensen,windows456,WindowSite
4CNA , 5HOL,1,3.5521561630941645,12.169151953426661,0.21286220868450811,0.001,0.0014685314685314685,*,Dice-Sorensen,windows456,WindowSite
4CNA , 5MAP,1,0.7625818154715203,2.7722090967192012,0.08208551264088042,0.003,0.003772455089820359,*,Dice-Sorensen,windows456,WindowSite
4CNA , 5PEN,1,0.9172128206192922,3.4228465505313315,0.0846760394830814,0.002,0.002658227848101266,*,Dice-Sorensen,windows456,WindowSite
4CNA , 6CNA,1,2.057974327568031,8.96451652404314,0.28950933295155523,0.001,0.0014685314685314685,*,Dice-Sorensen,windows456,WindowSite
4CNA , 6EPS,1,1.9101905818374874,7.951500310440078,0.2950299693468249,0.001,0.0014685314685314685,*,Dice-Sorensen,windows456,WindowSite
4CNA , 6FOX,1,1.8681666677761133,7.425809919763892,0.2810059537365446,0.001,0.0014685314685314685,*,Dice-Sorensen,windows456,WindowSite
4CNA , 6HOL,1,4.103739182853482,11.877841274368937,0.2017370375217828,0.001,0.0014685314685314685,*,Dice-Sorensen,windows456,WindowSite
4CNA , 6HOP,1,3.110725170640966,10.253108470697896,0.2485414760436946,0.001,0.0014685314685314685,*,Dice-Sorensen,windows456,WindowSite
4CNA , 6MAP,1,1.5787639879317812,5.396747007618862,0.1775435709046821,0.001,0.0014685314685314685,*,Dice-Sorensen,windows456,WindowSite
4CNA , 6PEN,1,2.1026011693494735,8.774932447765192,0.31592992941630843,0.002,0.002658227848101266,*,Dice-Sorensen,windows456,WindowSite
4EPS , 4FOX,1,1.1111208627697895,3.9094280015728793,0.15694571554698175,0.004,0.004912280701754386,*,Dice-Sorensen,windows456,WindowSite
4EPS , 4HOL,1,1.9212753830084301,6.264444687712258,0.20036961315914076,0.001,0.0014685314685314685,*,Dice-Sorensen,windows456,WindowSite
4EPS , 5EPS,1,0.39087213914037067,1.6370649386702414,0.05174515846662007,0.125,0.12620192307692307,,Dice-Sorensen,windows456,WindowSite
4EPS , 5FOX,1,0.9303231980579177,2.713288646506644,0.07816282329619308,0.01,0.01160220994475138,.,Dice-Sorensen,windows456,WindowSite
4EPS , 5HOL,1,3.4576319252343195,11.011590150149585,0.19314651847367728,0.001,0.0014685314685314685,*,Dice-Sorensen,windows456,WindowSite
4EPS , 6EPS,1,1.6256573320068242,5.536117847734782,0.21679559441044294,0.001,0.0014685314685314685,*,Dice-Sorensen,windows456,WindowSite
4EPS , 6FOX,1,1.5859298280461172,5.209580222961234,0.20665081198838353,0.001,0.0014685314685314685,*,Dice-Sorensen,windows456,WindowSite
4EPS , 6HOL,1,3.5333140149721998,9.665514555485895,0.1676134277131216,0.001,0.0014685314685314685,*,Dice-Sorensen,windows456,WindowSite
4EPS , 6HOP,1,2.6233791427502045,7.83556172201481,0.19669765865720296,0.001,0.0014685314685314685,*,Dice-Sorensen,windows456,WindowSite
4FOX , 5FOX,1,0.7788944405321553,2.021011083335104,0.08077255857502777,0.015,0.016844919786096257,.,Dice-Sorensen,windows456,WindowSite
4FOX , 6FOX,1,1.0429402171354756,2.8820456356799893,0.20760957796252175,0.002,0.002658227848101266,*,Dice-Sorensen,windows456,WindowSite
4HOL , 4FOX,1,0.8639319613061792,2.4863618863747035,0.13449709043115002,0.001,0.0014685314685314685,*,Dice-Sorensen,windows456,WindowSite
4HOL , 5FOX,1,1.2778505916720067,3.2662992640575084,0.10791868657481937,0.001,0.0014685314685314685,*,Dice-Sorensen,windows456,WindowSite
4HOL , 5HOL,1,1.6131905492825194,4.712585123563721,0.10309163463027382,0.001,0.0014685314685314685,*,Dice-Sorensen,windows456,WindowSite
4HOL , 6FOX,1,1.1812382339229563,3.1197550123917894,0.1721742380213332,0.001,0.0014685314685314685,*,Dice-Sorensen,windows456,WindowSite
4HOL , 6HOL,1,1.8746379460880902,4.703608264872915,0.09860068107964212,0.001,0.0014685314685314685,*,Dice-Sorensen,windows456,WindowSite
4HOL , 6HOP,1,1.8497958676656425,4.846768725495133,0.15219028238852444,0.001,0.0014685314685314685,*,Dice-Sorensen,windows456,WindowSite
4HOP , 4CNA,1,1.3766033861508196,5.6755932081866,0.22105012967633986,0.001,0.0014685314685314685,*,Dice-Sorensen,windows456,WindowSite
4HOP , 4EPS,1,1.4133011402484006,4.818463874694811,0.18662860416794522,0.003,0.003772455089820359,*,Dice-Sorensen,windows456,WindowSite
4HOP , 4FOX,1,0.5661814059678008,1.6769075011387173,0.12260867458517949,0.027,0.02892857142857143,.,Dice-Sorensen,windows456,WindowSite
4HOP , 4HOL,1,1.065850124018831,2.965605486882243,0.1563675617387188,0.001,0.0014685314685314685,*,Dice-Sorensen,windows456,WindowSite
4HOP , 4MAP,1,1.7365301246098888,5.454168966353062,0.11740967684307384,0.001,0.0014685314685314685,*,Dice-Sorensen,windows456,WindowSite
4HOP , 4PEN,1,0.8347462686210334,3.046736564526981,0.17872843596744598,0.002,0.002658227848101266,*,Dice-Sorensen,windows456,WindowSite
4HOP , 5CNA,1,1.4126563437203765,5.189509289033305,0.22378693849668943,0.002,0.002658227848101266,*,Dice-Sorensen,windows456,WindowSite
4HOP , 5EPS,1,1.8807362230392048,7.5286804204980635,0.2638986560026328,0.001,0.0014685314685314685,*,Dice-Sorensen,windows456,WindowSite
4HOP , 5FOX,1,0.9897383183709498,2.5139313646354955,0.09853171307499951,0.001,0.0014685314685314685,*,Dice-Sorensen,windows456,WindowSite
4HOP , 5HOL,1,1.5800319681533206,4.66679560230701,0.11200274786786384,0.001,0.0014685314685314685,*,Dice-Sorensen,windows456,WindowSite
4HOP , 5HOP,1,0.8674071149576131,2.1645635142518174,0.08601633455815469,0.002,0.002658227848101266,*,Dice-Sorensen,windows456,WindowSite
4HOP , 5MAP,1,1.4787656508515254,4.294867026483853,0.1573507217425386,0.001,0.0014685314685314685,*,Dice-Sorensen,windows456,WindowSite
4HOP , 5PEN,1,1.1658171269037243,3.6328312607847155,0.11132442759112766,0.001,0.0014685314685314685,*,Dice-Sorensen,windows456,WindowSite
4HOP , 6CNA,1,1.1549262416712092,3.6399068633595464,0.2063450159660492,0.001,0.0014685314685314685,*,Dice-Sorensen,windows456,WindowSite
4HOP , 6EPS,1,0.8277538664447904,2.301643792282317,0.17303453830403598,0.012,0.013621621621621621,.,Dice-Sorensen,windows456,WindowSite
4HOP , 6FOX,1,0.9680599564783414,2.5526596253154423,0.18835119422222105,0.001,0.0014685314685314685,*,Dice-Sorensen,windows456,WindowSite
4HOP , 6HOL,1,1.6029699883579935,3.9997577416517003,0.09301814595521166,0.001,0.0014685314685314685,*,Dice-Sorensen,windows456,WindowSite
4HOP , 6HOP,1,1.0726783747068216,2.804605920953544,0.10868625273894153,0.001,0.0014685314685314685,*,Dice-Sorensen,windows456,WindowSite
4HOP , 6MAP,1,0.9339143664642997,2.367824103209775,0.12225555594638854,0.004,0.004912280701754386,*,Dice-Sorensen,windows456,WindowSite
4HOP , 6PEN,1,1.0407382331066726,2.9024486951614645,0.20877248021577793,0.002,0.002658227848101266,*,Dice-Sorensen,windows456,WindowSite
4MAP , 4EPS,1,0.6095041350636865,2.0356515899205436,0.03912032477200411,0.048,0.049900990099009904,.,Dice-Sorensen,windows456,WindowSite
4MAP , 4FOX,1,1.356282095337761,4.32311393646614,0.0953843097040127,0.001,0.0014685314685314685,*,Dice-Sorensen,windows456,WindowSite
4MAP , 4HOL,1,1.9792770717699182,6.116556561948761,0.11965901017874775,0.001,0.0014685314685314685,*,Dice-Sorensen,windows456,WindowSite
4MAP , 4PEN,1,1.9036878007493399,6.472586375021074,0.13083177673300525,0.001,0.0014685314685314685,*,Dice-Sorensen,windows456,WindowSite
4MAP , 5EPS,1,1.034005288651294,3.677839084750688,0.06851689910511921,0.007,0.008305084745762711,*,Dice-Sorensen,windows456,WindowSite
4MAP , 5FOX,1,1.2648553539650091,3.6813562823366635,0.0661147020857405,0.004,0.004912280701754386,*,Dice-Sorensen,windows456,WindowSite
4MAP , 5HOL,1,4.8063852902182305,14.866300979193085,0.1838380239874974,0.001,0.0014685314685314685,*,Dice-Sorensen,windows456,WindowSite
4MAP , 5MAP,1,0.7599980027727954,2.3621652594244456,0.04345237626484958,0.017,0.018888888888888893,.,Dice-Sorensen,windows456,WindowSite
4MAP , 5PEN,1,1.993529887740404,6.381876261871468,0.09912535378610847,0.001,0.0014685314685314685,*,Dice-Sorensen,windows456,WindowSite
4MAP , 6EPS,1,1.8732004130057054,5.86877421561283,0.12794704711370322,0.001,0.0014685314685314685,*,Dice-Sorensen,windows456,WindowSite
4MAP , 6FOX,1,1.608399745167387,4.955466200149213,0.11023055968514825,0.001,0.0014685314685314685,*,Dice-Sorensen,windows456,WindowSite
4MAP , 6HOL,1,4.634253211140446,12.89339123002631,0.15938744851681397,0.001,0.0014685314685314685,*,Dice-Sorensen,windows456,WindowSite
4MAP , 6HOP,1,3.282729835939622,9.694537559499617,0.1571376971607897,0.001,0.0014685314685314685,*,Dice-Sorensen,windows456,WindowSite
4MAP , 6MAP,1,1.4468146388745582,4.289245595831321,0.08529150805529034,0.002,0.002658227848101266,*,Dice-Sorensen,windows456,WindowSite
4MAP , 6PEN,1,1.9213941512184929,6.025286938703765,0.1309125339452682,0.001,0.0014685314685314685,*,Dice-Sorensen,windows456,WindowSite
4PEN , 4EPS,1,1.287388876118998,5.14718751434642,0.1828668499018929,0.001,0.0014685314685314685,*,Dice-Sorensen,windows456,WindowSite
4PEN , 4FOX,1,0.42899296519409147,1.6478193680498847,0.10530664556458544,0.034,0.036060606060606064,.,Dice-Sorensen,windows456,WindowSite
4PEN , 4HOL,1,1.3975992346751671,4.707827507309513,0.20732179270756268,0.001,0.0014685314685314685,*,Dice-Sorensen,windows456,WindowSite
4PEN , 5EPS,1,1.351223696554018,6.422236683762801,0.21827832984930848,0.001,0.0014685314685314685,*,Dice-Sorensen,windows456,WindowSite
4PEN , 5FOX,1,1.2102991053639542,3.4986705501569144,0.12276609689561996,0.001,0.0014685314685314685,*,Dice-Sorensen,windows456,WindowSite
4PEN , 5HOL,1,1.7158687427371881,5.5212703384139985,0.12401421380041165,0.001,0.0014685314685314685,*,Dice-Sorensen,windows456,WindowSite
4PEN , 5PEN,1,0.5958339650108349,2.0754751204947617,0.0627496691410707,0.016,0.017872340425531912,.,Dice-Sorensen,windows456,WindowSite
4PEN , 6EPS,1,1.4396576232883123,5.273260562405485,0.28857797678726443,0.001,0.0014685314685314685,*,Dice-Sorensen,windows456,WindowSite
4PEN , 6FOX,1,1.484664456999894,5.1266852394667275,0.2828253026816253,0.001,0.0014685314685314685,*,Dice-Sorensen,windows456,WindowSite
4PEN , 6HOL,1,2.5976150762575707,6.99611553779747,0.1457642031944846,0.001,0.0014685314685314685,*,Dice-Sorensen,windows456,WindowSite
4PEN , 6HOP,1,2.299133006529065,6.850844236792768,0.21509144893807738,0.001,0.0014685314685314685,*,Dice-Sorensen,windows456,WindowSite
4PEN , 6PEN,1,1.5459066004764863,5.681160911369124,0.3041117700512734,0.001,0.0014685314685314685,*,Dice-Sorensen,windows456,WindowSite
5CNA , 4EPS,1,0.6804648406298599,2.695199489294524,0.09076212773940705,0.006,0.0072,*,Dice-Sorensen,windows456,WindowSite
5CNA , 4FOX,1,1.0030649139414733,3.8342806292807685,0.1756082874623688,0.004,0.004912280701754386,*,Dice-Sorensen,windows456,WindowSite
5CNA , 4HOL,1,1.7755894725414807,6.096224386892022,0.2169766408092949,0.001,0.0014685314685314685,*,Dice-Sorensen,windows456,WindowSite
5CNA , 4MAP,1,1.1722978987842922,4.0184994533920895,0.07876553596138568,0.003,0.003772455089820359,*,Dice-Sorensen,windows456,WindowSite
5CNA , 4PEN,1,1.2549267982728192,5.58614740148838,0.21832702336278367,0.001,0.0014685314685314685,*,Dice-Sorensen,windows456,WindowSite
5CNA , 5EPS,1,0.7353142188049944,3.363133463635445,0.11076371507121682,0.001,0.0014685314685314685,*,Dice-Sorensen,windows456,WindowSite
5CNA , 5FOX,1,0.8192936889479285,2.446307080022438,0.07779314352547792,0.009,0.0105,.,Dice-Sorensen,windows456,WindowSite
5CNA , 5HOL,1,2.998195621258597,9.778465378856467,0.1852737723362038,0.001,0.0014685314685314685,*,Dice-Sorensen,windows456,WindowSite
5CNA , 5MAP,1,0.6162112693881677,2.0836398102499336,0.06703332759514366,0.021,0.022968750000000003,.,Dice-Sorensen,windows456,WindowSite
5CNA , 5PEN,1,1.0708273021418813,3.7615495418027054,0.0970433222166733,0.001,0.0014685314685314685,*,Dice-Sorensen,windows456,WindowSite
5CNA , 6CNA,1,1.3457711034980135,5.2781475019228505,0.20880278119752857,0.001,0.0014685314685314685,*,Dice-Sorensen,windows456,WindowSite
5CNA , 6EPS,1,1.4366114930443032,5.2939504691356545,0.23746130038571417,0.001,0.0014685314685314685,*,Dice-Sorensen,windows456,WindowSite
5CNA , 6FOX,1,1.3366750535751304,4.705760894364435,0.21679778549418244,0.001,0.0014685314685314685,*,Dice-Sorensen,windows456,WindowSite
5CNA , 6HOL,1,3.3947850644554873,9.379486862043414,0.1724820774024303,0.001,0.0014685314685314685,*,Dice-Sorensen,windows456,WindowSite
5CNA , 6HOP,1,2.1850066340854504,6.702413778631004,0.1877299899157688,0.001,0.0014685314685314685,*,Dice-Sorensen,windows456,WindowSite
5CNA , 6MAP,1,1.0760074778595698,3.3614322430460346,0.12751326301448426,0.006,0.0072,*,Dice-Sorensen,windows456,WindowSite
5CNA , 6PEN,1,1.5880554242566713,5.866902430955128,0.2565674318447719,0.001,0.0014685314685314685,*,Dice-Sorensen,windows456,WindowSite
5EPS , 4FOX,1,1.2626610314428433,5.245443650924826,0.19986111573084378,0.002,0.002658227848101266,*,Dice-Sorensen,windows456,WindowSite
5EPS , 4HOL,1,2.1976078902613376,8.134609720892609,0.245501902373802,0.001,0.0014685314685314685,*,Dice-Sorensen,windows456,WindowSite
5EPS , 5FOX,1,1.2157347448116675,3.8677047439740018,0.10783251316419404,0.002,0.002658227848101266,*,Dice-Sorensen,windows456,WindowSite
5EPS , 5HOL,1,3.839387913013247,13.052897479527283,0.22103737558436518,0.001,0.0014685314685314685,*,Dice-Sorensen,windows456,WindowSite
5EPS , 6EPS,1,1.8970353752410036,7.650237268561858,0.276678901314895,0.001,0.0014685314685314685,*,Dice-Sorensen,windows456,WindowSite
5EPS , 6FOX,1,1.8410302576761097,7.1150731939626235,0.26240287618131336,0.001,0.0014685314685314685,*,Dice-Sorensen,windows456,WindowSite
5EPS , 6HOL,1,4.113888360915477,11.871748428661087,0.19828631600439425,0.001,0.0014685314685314685,*,Dice-Sorensen,windows456,WindowSite
5EPS , 6HOP,1,3.138961035872989,10.24942144229075,0.2425931786140698,0.001,0.0014685314685314685,*,Dice-Sorensen,windows456,WindowSite
5FOX , 6FOX,1,0.8544882347053069,2.092434909291582,0.08685028795012352,0.012,0.013621621621621621,.,Dice-Sorensen,windows456,WindowSite
5HOL , 4FOX,1,1.2161384392740695,3.647602676417064,0.08973721538892455,0.001,0.0014685314685314685,*,Dice-Sorensen,windows456,WindowSite
5HOL , 5FOX,1,2.093322890521084,5.794798299585348,0.10772042061230323,0.001,0.0014685314685314685,*,Dice-Sorensen,windows456,WindowSite
5HOL , 6FOX,1,1.3467753343334767,3.892394251822262,0.09757233991149727,0.001,0.0014685314685314685,*,Dice-Sorensen,windows456,WindowSite
5HOL , 6HOL,1,2.096522360054585,5.610744011780303,0.0806016957788986,0.001,0.0014685314685314685,*,Dice-Sorensen,windows456,WindowSite
5HOL , 6HOP,1,2.9645668248758765,8.330708005516717,0.1478892827816198,0.001,0.0014685314685314685,*,Dice-Sorensen,windows456,WindowSite
5HOP , 4CNA,1,1.9590376564147343,6.181070992600745,0.1662424138839576,0.001,0.0014685314685314685,*,Dice-Sorensen,windows456,WindowSite
5HOP , 4EPS,1,1.7891183883467834,5.14219497261062,0.1384461789725291,0.001,0.0014685314685314685,*,Dice-Sorensen,windows456,WindowSite
5HOP , 4FOX,1,0.7890529496514994,2.01069625124966,0.08039345370679937,0.003,0.003772455089820359,*,Dice-Sorensen,windows456,WindowSite
5HOP , 4HOL,1,1.2412827998463547,3.1249984469012677,0.10373439362692193,0.001,0.0014685314685314685,*,Dice-Sorensen,windows456,WindowSite
5HOP , 4MAP,1,2.250373814458026,6.4909663604010746,0.11097382663172271,0.001,0.0014685314685314685,*,Dice-Sorensen,windows456,WindowSite
5HOP , 4PEN,1,1.422210535183098,4.03580626197861,0.13899411731725736,0.001,0.0014685314685314685,*,Dice-Sorensen,windows456,WindowSite
5HOP , 5CNA,1,1.5187671257776791,4.460594228417567,0.13330887664359686,0.001,0.0014685314685314685,*,Dice-Sorensen,windows456,WindowSite
5HOP , 5EPS,1,2.0786660933479255,6.5083989576074694,0.16901245270602747,0.001,0.0014685314685314685,*,Dice-Sorensen,windows456,WindowSite
5HOP , 5FOX,1,0.8844209094248916,2.143384521062724,0.05930226373276296,0.005,0.0060693641618497106,*,Dice-Sorensen,windows456,WindowSite
5HOP , 5HOL,1,2.1966683276492156,6.024707843617389,0.11151763857857053,0.001,0.0014685314685314685,*,Dice-Sorensen,windows456,WindowSite
5HOP , 5MAP,1,1.1258144536193124,2.968791821749391,0.08030535149928265,0.001,0.0014685314685314685,*,Dice-Sorensen,windows456,WindowSite
5HOP , 5PEN,1,1.4593151677585388,4.087529067637048,0.0927139523144096,0.001,0.0014685314685314685,*,Dice-Sorensen,windows456,WindowSite
5HOP , 6CNA,1,1.440584502202192,3.824683443609436,0.1326877865316986,0.001,0.0014685314685314685,*,Dice-Sorensen,windows456,WindowSite
5HOP , 6EPS,1,0.9776424952503847,2.4084658342888146,0.0986733804017056,0.002,0.002658227848101266,*,Dice-Sorensen,windows456,WindowSite
5HOP , 6FOX,1,1.00407269083313,2.4152670591535674,0.09892445793453059,0.001,0.0014685314685314685,*,Dice-Sorensen,windows456,WindowSite
5HOP , 6HOL,1,2.1387782406370737,5.190168613426409,0.09404154297444507,0.001,0.0014685314685314685,*,Dice-Sorensen,windows456,WindowSite
5HOP , 6HOP,1,1.0417821740236255,2.5721068890162266,0.0703297432882849,0.001,0.0014685314685314685,*,Dice-Sorensen,windows456,WindowSite
5HOP , 6MAP,1,0.6678376920979455,1.6010703640877606,0.05408825912019017,0.031,0.03304568527918782,.,Dice-Sorensen,windows456,WindowSite
5HOP , 6PEN,1,1.1128341951940308,2.7451125910909013,0.1109355466048369,0.001,0.0014685314685314685,*,Dice-Sorensen,windows456,WindowSite
5MAP , 4EPS,1,0.726442920176645,2.36336497954044,0.06877571451304496,0.011,0.01262295081967213,.,Dice-Sorensen,windows456,WindowSite
5MAP , 4FOX,1,0.9838917718234864,2.9281884075857536,0.11293455453019847,0.001,0.0014685314685314685,*,Dice-Sorensen,windows456,WindowSite
5MAP , 4HOL,1,1.4550384246117347,4.167390259978556,0.13370995213961887,0.001,0.0014685314685314685,*,Dice-Sorensen,windows456,WindowSite
5MAP , 4PEN,1,1.4105856257606901,4.694268427743456,0.15808668393923406,0.001,0.0014685314685314685,*,Dice-Sorensen,windows456,WindowSite
5MAP , 5EPS,1,0.7117185771585914,2.5525207464390793,0.07387364774832346,0.003,0.003772455089820359,*,Dice-Sorensen,windows456,WindowSite
5MAP , 5FOX,1,0.622693946779908,1.6629062786906386,0.0466284566292978,0.057,0.058965517241379314,,Dice-Sorensen,windows456,WindowSite
5MAP , 5HOL,1,2.8483766416316376,8.437759450300636,0.149505570959651,0.001,0.0014685314685314685,*,Dice-Sorensen,windows456,WindowSite
5MAP , 5PEN,1,1.1641473469735553,3.586687182829585,0.08228859348233546,0.001,0.0014685314685314685,*,Dice-Sorensen,windows456,WindowSite
5MAP , 6EPS,1,1.3584354409278812,3.9155456779754645,0.1510886834732221,0.001,0.0014685314685314685,*,Dice-Sorensen,windows456,WindowSite
5MAP , 6FOX,1,1.2193763257743924,3.418168683815524,0.13447737822245115,0.001,0.0014685314685314685,*,Dice-Sorensen,windows456,WindowSite
5MAP , 6HOL,1,2.9797515236603545,7.716983033804566,0.13370385332311574,0.001,0.0014685314685314685,*,Dice-Sorensen,windows456,WindowSite
5MAP , 6HOP,1,2.0498410177008157,5.587472953389314,0.14114245079417068,0.001,0.0014685314685314685,*,Dice-Sorensen,windows456,WindowSite
5MAP , 6MAP,1,0.6551856070761582,1.7670757983271537,0.059363432615925936,0.04,0.04221105527638191,.,Dice-Sorensen,windows456,WindowSite
5MAP , 6PEN,1,1.4411192746352863,4.160249347092083,0.15902942253700378,0.001,0.0014685314685314685,*,Dice-Sorensen,windows456,WindowSite
5PEN , 4EPS,1,0.9998297720307991,3.385221746947399,0.0817978400030464,0.002,0.002658227848101266,*,Dice-Sorensen,windows456,WindowSite
5PEN , 4FOX,1,0.6385419407886361,2.0314620154297525,0.06546459249711307,0.018,0.019894736842105264,.,Dice-Sorensen,windows456,WindowSite
5PEN , 4HOL,1,1.5163351165329335,4.627113618619283,0.12297285583791409,0.001,0.0014685314685314685,*,Dice-Sorensen,windows456,WindowSite
5PEN , 5EPS,1,1.1057384350922883,4.075525031848482,0.0968621313403355,0.001,0.0014685314685314685,*,Dice-Sorensen,windows456,WindowSite
5PEN , 5FOX,1,1.0022438260026076,2.839421923134127,0.06628058446327408,0.003,0.003772455089820359,*,Dice-Sorensen,windows456,WindowSite
5PEN , 5HOL,1,2.473909715450261,7.5943305863122355,0.12329593509698569,0.001,0.0014685314685314685,*,Dice-Sorensen,windows456,WindowSite
5PEN , 6EPS,1,1.464938231464767,4.547557108427782,0.13972038187929775,0.001,0.0014685314685314685,*,Dice-Sorensen,windows456,WindowSite
5PEN , 6FOX,1,1.4553974733522503,4.412470230381447,0.13613495667002481,0.001,0.0014685314685314685,*,Dice-Sorensen,windows456,WindowSite
5PEN , 6HOL,1,3.658550371228551,9.900514116701393,0.15023424702224397,0.001,0.0014685314685314685,*,Dice-Sorensen,windows456,WindowSite
5PEN , 6HOP,1,2.684881182719548,7.74820148274135,0.1622721116635555,0.001,0.0014685314685314685,*,Dice-Sorensen,windows456,WindowSite
5PEN , 6PEN,1,1.4535525632185484,4.5180726487573315,0.13894035779915723,0.001,0.0014685314685314685,*,Dice-Sorensen,windows456,WindowSite
6CNA , 4EPS,1,1.9919905916135192,7.204808249399415,0.2385318320814923,0.001,0.0014685314685314685,*,Dice-Sorensen,windows456,WindowSite
6CNA , 4FOX,1,1.0487776482758302,3.4538473470593782,0.19788458546598217,0.001,0.0014685314685314685,*,Dice-Sorensen,windows456,WindowSite
6CNA , 4HOL,1,1.4701409190928754,4.447470466522903,0.19812791259289775,0.001,0.0014685314685314685,*,Dice-Sorensen,windows456,WindowSite
6CNA , 4MAP,1,2.219353566438791,7.200595443781797,0.1434364548891763,0.001,0.0014685314685314685,*,Dice-Sorensen,windows456,WindowSite
6CNA , 4PEN,1,1.6485287596881677,6.536457154456726,0.29003925105255957,0.001,0.0014685314685314685,*,Dice-Sorensen,windows456,WindowSite
6CNA , 5EPS,1,2.191970488492141,9.258063511179902,0.28699997778760866,0.001,0.0014685314685314685,*,Dice-Sorensen,windows456,WindowSite
6CNA , 5FOX,1,1.2686936366345185,3.4271640925361204,0.12055947900325245,0.001,0.0014685314685314685,*,Dice-Sorensen,windows456,WindowSite
6CNA , 5HOL,1,2.1987685826856396,6.738007221376602,0.14731746376189855,0.001,0.0014685314685314685,*,Dice-Sorensen,windows456,WindowSite
6CNA , 5MAP,1,1.4665080056943527,4.5158408240698815,0.15299719398090997,0.001,0.0014685314685314685,*,Dice-Sorensen,windows456,WindowSite
6CNA , 5PEN,1,1.8429081097352968,6.00991112135647,0.16238653212783502,0.001,0.0014685314685314685,*,Dice-Sorensen,windows456,WindowSite
6CNA , 6EPS,1,0.5815286506681507,1.8192217497636674,0.12276095064119542,0.025,0.027061855670103094,.,Dice-Sorensen,windows456,WindowSite
6CNA , 6FOX,1,0.6092246017330967,1.8118612086023684,0.12232501932640873,0.019,0.02089005235602094,.,Dice-Sorensen,windows456,WindowSite
6CNA , 6HOL,1,2.264570590208503,5.8654802689237675,0.12515566329986239,0.001,0.0014685314685314685,*,Dice-Sorensen,windows456,WindowSite
6CNA , 6HOP,1,0.9436387608208184,2.6222753683736313,0.09493335843635925,0.001,0.0014685314685314685,*,Dice-Sorensen,windows456,WindowSite
6CNA , 6MAP,1,0.828703838337543,2.2803922995821164,0.10715931677758105,0.005,0.0060693641618497106,*,Dice-Sorensen,windows456,WindowSite
6CNA , 6PEN,1,0.792767046593127,2.487049392848048,0.16058897532777114,0.002,0.002658227848101266,*,Dice-Sorensen,windows456,WindowSite
6EPS , 4FOX,1,0.9251841397560194,2.7030423058052353,0.19725855364688638,0.008,0.009385474860335195,*,Dice-Sorensen,windows456,WindowSite
6EPS , 4HOL,1,1.2938248574785853,3.5519414468175,0.1914592851103904,0.001,0.0014685314685314685,*,Dice-Sorensen,windows456,WindowSite
6EPS , 5FOX,1,0.9885937795029801,2.4803495128745925,0.10132002043394596,0.003,0.003772455089820359,*,Dice-Sorensen,windows456,WindowSite
6EPS , 5HOL,1,1.5752683804571237,4.632966071212148,0.1140198838325646,0.001,0.0014685314685314685,*,Dice-Sorensen,windows456,WindowSite
6EPS , 6FOX,1,0.540995562140585,1.3925206205704674,0.12223112574895112,0.079,0.08092682926829269,,Dice-Sorensen,windows456,WindowSite
6EPS , 6HOL,1,1.4405704420814256,3.56778578862499,0.08583054692322133,0.001,0.0014685314685314685,*,Dice-Sorensen,windows456,WindowSite
6EPS , 6HOP,1,0.47198525354615134,1.2201402015735978,0.052546633697367194,0.189,0.1899043062200957,,Dice-Sorensen,windows456,WindowSite
6HOL , 4FOX,1,1.6741663358057766,4.22907977430383,0.097829511902256,0.001,0.0014685314685314685,*,Dice-Sorensen,windows456,WindowSite
6HOL , 5FOX,1,2.0553585353167794,5.02718095936481,0.09135814104446248,0.001,0.0014685314685314685,*,Dice-Sorensen,windows456,WindowSite
6HOL , 6FOX,1,1.1238004392699548,2.7446906760176595,0.06736314917303288,0.001,0.0014685314685314685,*,Dice-Sorensen,windows456,WindowSite
6HOL , 6HOP,1,2.394619494188837,5.931933428749156,0.10605629137254402,0.001,0.0014685314685314685,*,Dice-Sorensen,windows456,WindowSite
6HOP , 4FOX,1,1.3676867340664667,3.6552816903617513,0.1371316098934141,0.001,0.0014685314685314685,*,Dice-Sorensen,windows456,WindowSite
6HOP , 5FOX,1,1.5267712036688668,3.8143005258138096,0.10086926037968069,0.001,0.0014685314685314685,*,Dice-Sorensen,windows456,WindowSite
6HOP , 6FOX,1,0.6431446911509232,1.6215286423104618,0.06864621959334201,0.027,0.02892857142857143,.,Dice-Sorensen,windows456,WindowSite
6MAP , 4EPS,1,1.3414285573100684,4.045115495818811,0.1346347127998807,0.001,0.0014685314685314685,*,Dice-Sorensen,windows456,WindowSite
6MAP , 4FOX,1,0.8462161011439834,2.208372903181909,0.11496928523373719,0.008,0.009385474860335195,*,Dice-Sorensen,windows456,WindowSite
6MAP , 4HOL,1,1.109948217368516,2.8380503643138235,0.11905547311714965,0.001,0.0014685314685314685,*,Dice-Sorensen,windows456,WindowSite
6MAP , 4PEN,1,1.4132321738519733,4.26330220985298,0.18326298525440182,0.001,0.0014685314685314685,*,Dice-Sorensen,windows456,WindowSite
6MAP , 5EPS,1,1.563097576405779,5.272144494885745,0.16858915754076134,0.001,0.0014685314685314685,*,Dice-Sorensen,windows456,WindowSite
6MAP , 5FOX,1,0.6426442662692124,1.562298304246753,0.052847660495406144,0.066,0.06794117647058823,,Dice-Sorensen,windows456,WindowSite
6MAP , 5HOL,1,1.8216676337858724,5.10421175433075,0.10835998659634655,0.001,0.0014685314685314685,*,Dice-Sorensen,windows456,WindowSite
6MAP , 5PEN,1,1.34695597424397,3.891291867222243,0.10269620473374237,0.001,0.0014685314685314685,*,Dice-Sorensen,windows456,WindowSite
6MAP , 6EPS,1,0.4672310375978879,1.164704474273233,0.06785461852948957,0.278,0.278,,Dice-Sorensen,windows456,WindowSite
6MAP , 6FOX,1,0.655702456464171,1.5814030785494544,0.08994749005435619,0.047,0.0491044776119403,.,Dice-Sorensen,windows456,WindowSite
6MAP , 6HOL,1,1.7200072263506074,4.182979342466274,0.0868144602004631,0.001,0.0014685314685314685,*,Dice-Sorensen,windows456,WindowSite
6MAP , 6HOP,1,0.6509168917582151,1.6187136597829321,0.05465172047565538,0.041,0.043050000000000005,.,Dice-Sorensen,windows456,WindowSite
6MAP , 6PEN,1,0.7874648477135487,1.9665613004697289,0.10945674398018021,0.011,0.01262295081967213,.,Dice-Sorensen,windows456,WindowSite
6PEN , 4EPS,1,1.7990840342244014,6.138944392451021,0.23485816030979279,0.001,0.0014685314685314685,*,Dice-Sorensen,windows456,WindowSite
6PEN , 4FOX,1,1.1094311084989812,3.2514455757087593,0.22814847507475094,0.002,0.002658227848101266,*,Dice-Sorensen,windows456,WindowSite
6PEN , 4HOL,1,1.328663108791836,3.655409275023885,0.19594366551463424,0.001,0.0014685314685314685,*,Dice-Sorensen,windows456,WindowSite
6PEN , 5EPS,1,1.9630964037036787,7.935361605973659,0.2840615316852305,0.001,0.0014685314685314685,*,Dice-Sorensen,windows456,WindowSite
6PEN , 5FOX,1,1.092227677897115,2.744024413113189,0.11089644785748685,0.001,0.0014685314685314685,*,Dice-Sorensen,windows456,WindowSite
6PEN , 5HOL,1,1.674817875651998,4.930459608958405,0.12045942449860204,0.001,0.0014685314685314685,*,Dice-Sorensen,windows456,WindowSite
6PEN , 6EPS,1,0.4955491784237134,1.354806195110236,0.11931565997961827,0.12,0.12173913043478261,,Dice-Sorensen,windows456,WindowSite
6PEN , 6FOX,1,0.633792190204807,1.6363059133518039,0.14062073698786684,0.025,0.027061855670103094,.,Dice-Sorensen,windows456,WindowSite
6PEN , 6HOL,1,1.4027432417511108,3.476751913553365,0.08382411237986227,0.001,0.0014685314685314685,*,Dice-Sorensen,windows456,WindowSite
6PEN , 6HOP,1,0.7231871395071973,1.8721015187758805,0.07842214969232748,0.003,0.003772455089820359,*,Dice-Sorensen,windows456,WindowSite
4CNA , 4EPS,1,0.26112367446518625,1.7829061392060361,0.057918707582169215,0.06,0.06206896551724138,,Unweighted-UniFrac,windows456,WindowSite
4CNA , 4FOX,1,0.8690865233003422,5.49638562598515,0.21557508999955663,0.001,0.0014893617021276596,*,Unweighted-UniFrac,windows456,WindowSite
4CNA , 4HOL,1,1.6107608016433177,9.763059650696128,0.28916394875648754,0.001,0.0014893617021276596,*,Unweighted-UniFrac,windows456,WindowSite
4CNA , 4MAP,1,0.7706506430685096,4.362483841240337,0.08175188872802922,0.001,0.0014893617021276596,*,Unweighted-UniFrac,windows456,WindowSite
4CNA , 4PEN,1,0.9679945833350048,7.219244600530136,0.2470715687290271,0.001,0.0014893617021276596,*,Unweighted-UniFrac,windows456,WindowSite
4CNA , 5CNA,1,0.4062248240484715,2.6306735222916475,0.09188304704894291,0.005,0.005965909090909091,*,Unweighted-UniFrac,windows456,WindowSite
4CNA , 5EPS,1,0.4184161791365858,3.1708732934693025,0.09856348208343449,0.002,0.002658227848101266,*,Unweighted-UniFrac,windows456,WindowSite
4CNA , 5FOX,1,1.013440193482232,4.929891598645208,0.13720864103111005,0.001,0.0014893617021276596,*,Unweighted-UniFrac,windows456,WindowSite
4CNA , 5HOL,1,2.7965270542209706,13.198903114068772,0.22678955113980698,0.001,0.0014893617021276596,*,Unweighted-UniFrac,windows456,WindowSite
4CNA , 5MAP,1,0.5752775221599501,3.15946392004017,0.09249161308373527,0.003,0.003795180722891566,*,Unweighted-UniFrac,windows456,WindowSite
4CNA , 5PEN,1,1.1176220042543104,6.090758963752441,0.1413472194554738,0.001,0.0014893617021276596,*,Unweighted-UniFrac,windows456,WindowSite
4CNA , 6CNA,1,1.5072311992137033,9.520385270891026,0.30203898807300017,0.001,0.0014893617021276596,*,Unweighted-UniFrac,windows456,WindowSite
4CNA , 6EPS,1,1.2660322716179537,8.782195226983555,0.3161087579736614,0.001,0.0014893617021276596,*,Unweighted-UniFrac,windows456,WindowSite
4CNA , 6FOX,1,1.6780836025966024,10.586719897957172,0.3578199927017979,0.001,0.0014893617021276596,*,Unweighted-UniFrac,windows456,WindowSite
4CNA , 6HOL,1,3.721856692638663,14.667059102282035,0.23784268807038453,0.001,0.0014893617021276596,*,Unweighted-UniFrac,windows456,WindowSite
4CNA , 6HOP,1,2.466214694058044,12.31670565355796,0.28434077494409565,0.001,0.0014893617021276596,*,Unweighted-UniFrac,windows456,WindowSite
4CNA , 6MAP,1,1.0639993705794977,5.563215903915004,0.18202325047876855,0.001,0.0014893617021276596,*,Unweighted-UniFrac,windows456,WindowSite
4CNA , 6PEN,1,1.8695629853499385,12.433148965677491,0.39554258401706766,0.001,0.0014893617021276596,*,Unweighted-UniFrac,windows456,WindowSite
4EPS , 4FOX,1,0.7462486126481545,3.7157419336942428,0.1503390812083485,0.002,0.002658227848101266,*,Unweighted-UniFrac,windows456,WindowSite
4EPS , 4HOL,1,1.4468409751701847,7.212891619781843,0.22391319925319672,0.001,0.0014893617021276596,*,Unweighted-UniFrac,windows456,WindowSite
4EPS , 5EPS,1,0.31911357443489585,1.9610177975892984,0.06135655034544022,0.043,0.04537688442211055,.,Unweighted-UniFrac,windows456,WindowSite
4EPS , 5FOX,1,0.7386543898017691,3.182220529890387,0.09044967833075832,0.004,0.004855491329479769,*,Unweighted-UniFrac,windows456,WindowSite
4EPS , 5HOL,1,2.523091561076387,10.960084990298157,0.1924169353357699,0.001,0.0014893617021276596,*,Unweighted-UniFrac,windows456,WindowSite
4EPS , 6EPS,1,1.0323234954203226,5.441660205706375,0.21388777940229903,0.001,0.0014893617021276596,*,Unweighted-UniFrac,windows456,WindowSite
4EPS , 6FOX,1,1.400778351170959,6.888869447982642,0.2561978093318269,0.001,0.0014893617021276596,*,Unweighted-UniFrac,windows456,WindowSite
4EPS , 6HOL,1,3.302764162927456,12.212042068167131,0.20281727124188312,0.001,0.0014893617021276596,*,Unweighted-UniFrac,windows456,WindowSite
4EPS , 6HOP,1,2.155981984990001,9.499861483923407,0.2289130889654547,0.001,0.0014893617021276596,*,Unweighted-UniFrac,windows456,WindowSite
4FOX , 5FOX,1,0.5310501769689017,1.9256484001337912,0.07725569939931654,0.022,0.023814432989690718,.,Unweighted-UniFrac,windows456,WindowSite
4FOX , 6FOX,1,0.8321443127329329,3.0697653352777383,0.21818170112480706,0.002,0.002658227848101266,*,Unweighted-UniFrac,windows456,WindowSite
4HOL , 4FOX,1,0.6975475491975889,2.8400041653094608,0.15074328754867405,0.001,0.0014893617021276596,*,Unweighted-UniFrac,windows456,WindowSite
4HOL , 5FOX,1,1.152869931025042,4.359511757512568,0.13901720764093822,0.001,0.0014893617021276596,*,Unweighted-UniFrac,windows456,WindowSite
4HOL , 5HOL,1,1.3074836474757785,5.203609907495802,0.11262344907495202,0.001,0.0014893617021276596,*,Unweighted-UniFrac,windows456,WindowSite
4HOL , 6FOX,1,1.204786897126137,4.782031895249016,0.24173613310154965,0.001,0.0014893617021276596,*,Unweighted-UniFrac,windows456,WindowSite
4HOL , 6HOL,1,1.6663428222771566,5.644620849589908,0.116037924666803,0.001,0.0014893617021276596,*,Unweighted-UniFrac,windows456,WindowSite
4HOL , 6HOP,1,1.7770485908814309,6.879214116251192,0.2030511715131954,0.001,0.0014893617021276596,*,Unweighted-UniFrac,windows456,WindowSite
4HOP , 4CNA,1,0.8886494392168741,6.211618580751291,0.23697958833083443,0.001,0.0014893617021276596,*,Unweighted-UniFrac,windows456,WindowSite
4HOP , 4EPS,1,0.8768899663182327,4.701969678808444,0.18294199773666647,0.001,0.0014893617021276596,*,Unweighted-UniFrac,windows456,WindowSite
4HOP , 4FOX,1,0.5290459579042802,2.2421612411080463,0.15743124959408233,0.003,0.003795180722891566,*,Unweighted-UniFrac,windows456,WindowSite
4HOP , 4HOL,1,0.8305341763478389,3.662072248209192,0.1862505743026517,0.001,0.0014893617021276596,*,Unweighted-UniFrac,windows456,WindowSite
4HOP , 4MAP,1,1.0241107315767761,5.043607394800243,0.1095397967312575,0.001,0.0014893617021276596,*,Unweighted-UniFrac,windows456,WindowSite
4HOP , 4PEN,1,0.8308390182248466,4.441417301553492,0.2408392602871879,0.001,0.0014893617021276596,*,Unweighted-UniFrac,windows456,WindowSite
4HOP , 5CNA,1,0.6310863300139724,3.0835400368615122,0.14625342952229037,0.004,0.004855491329479769,*,Unweighted-UniFrac,windows456,WindowSite
4HOP , 5EPS,1,1.1207403187541654,6.732563446165108,0.2427674404940772,0.001,0.0014893617021276596,*,Unweighted-UniFrac,windows456,WindowSite
4HOP , 5FOX,1,0.6747900169028589,2.5688267293319025,0.10046713353432876,0.002,0.002658227848101266,*,Unweighted-UniFrac,windows456,WindowSite
4HOP , 5HOL,1,1.2044604926956897,4.842206223359937,0.11572540409345335,0.001,0.0014893617021276596,*,Unweighted-UniFrac,windows456,WindowSite
4HOP , 5HOP,1,0.6039271242344924,2.305057272512196,0.09109077476841286,0.002,0.002658227848101266,*,Unweighted-UniFrac,windows456,WindowSite
4HOP , 5MAP,1,0.7508507860549943,3.250098056878686,0.12381279680694438,0.001,0.0014893617021276596,*,Unweighted-UniFrac,windows456,WindowSite
4HOP , 5PEN,1,0.8718964849819466,3.915083913091052,0.11894497742823427,0.001,0.0014893617021276596,*,Unweighted-UniFrac,windows456,WindowSite
4HOP , 6CNA,1,0.734688130110876,3.2632020572802545,0.18902646487324717,0.001,0.0014893617021276596,*,Unweighted-UniFrac,windows456,WindowSite
4HOP , 6EPS,1,0.5290420600084613,2.416649513794271,0.180123175410493,0.009,0.010384615384615383,.,Unweighted-UniFrac,windows456,WindowSite
4HOP , 6FOX,1,0.7913149225176523,3.2470754958898054,0.22791172102840104,0.001,0.0014893617021276596,*,Unweighted-UniFrac,windows456,WindowSite
4HOP , 6HOL,1,1.4079088561530266,4.735286942043374,0.10827154165739046,0.001,0.0014893617021276596,*,Unweighted-UniFrac,windows456,WindowSite
4HOP , 6HOP,1,0.753326790870829,2.94855055668951,0.11363064577529464,0.004,0.004855491329479769,*,Unweighted-UniFrac,windows456,WindowSite
4HOP , 6MAP,1,0.5668858510737843,2.165410260806711,0.11298533302128043,0.01,0.01141304347826087,.,Unweighted-UniFrac,windows456,WindowSite
4HOP , 6PEN,1,0.7576182191306713,3.2991230416858874,0.23072205421745334,0.007,0.008258426966292134,*,Unweighted-UniFrac,windows456,WindowSite
4MAP , 4EPS,1,0.47199022698922927,2.430138579019026,0.04635003158262669,0.025,0.026785714285714288,.,Unweighted-UniFrac,windows456,WindowSite
4MAP , 4FOX,1,0.9463633441212279,4.498005763536823,0.09886160257031817,0.001,0.0014893617021276596,*,Unweighted-UniFrac,windows456,WindowSite
4MAP , 4HOL,1,1.528328150758334,7.29822093590673,0.13955008039089803,0.001,0.0014893617021276596,*,Unweighted-UniFrac,windows456,WindowSite
4MAP , 4PEN,1,1.362590781368019,6.963786105562058,0.13937666955120595,0.001,0.0014893617021276596,*,Unweighted-UniFrac,windows456,WindowSite
4MAP , 5EPS,1,0.9079054113156662,4.886161381114191,0.08902355818229025,0.001,0.0014893617021276596,*,Unweighted-UniFrac,windows456,WindowSite
4MAP , 5FOX,1,0.994881706145628,4.370691420565572,0.0775348201418552,0.001,0.0014893617021276596,*,Unweighted-UniFrac,windows456,WindowSite
4MAP , 5HOL,1,3.378992522491442,14.869293091609942,0.18386822146158474,0.001,0.0014893617021276596,*,Unweighted-UniFrac,windows456,WindowSite
4MAP , 5MAP,1,0.5353715168458463,2.50616047145159,0.045979398471191694,0.016,0.017684210526315792,.,Unweighted-UniFrac,windows456,WindowSite
4MAP , 5PEN,1,1.6731489926399847,7.919808157688118,0.12014307048259278,0.001,0.0014893617021276596,*,Unweighted-UniFrac,windows456,WindowSite
4MAP , 6EPS,1,1.2864222439225055,6.273033260608004,0.13556563766370175,0.001,0.0014893617021276596,*,Unweighted-UniFrac,windows456,WindowSite
4MAP , 6FOX,1,1.3920656374785283,6.569825618473802,0.1410747309276506,0.001,0.0014893617021276596,*,Unweighted-UniFrac,windows456,WindowSite
4MAP , 6HOL,1,4.324089903768396,16.908079083748877,0.19913392537206775,0.001,0.0014893617021276596,*,Unweighted-UniFrac,windows456,WindowSite
4MAP , 6HOP,1,2.686523139197645,11.969685269333082,0.18711496264108277,0.001,0.0014893617021276596,*,Unweighted-UniFrac,windows456,WindowSite
4MAP , 6MAP,1,1.0022597650055558,4.500029068833061,0.08910943521833195,0.001,0.0014893617021276596,*,Unweighted-UniFrac,windows456,WindowSite
4MAP , 6PEN,1,1.7367232198330853,8.348760982976968,0.1726778683308238,0.001,0.0014893617021276596,*,Unweighted-UniFrac,windows456,WindowSite
4PEN , 4EPS,1,0.957245521620476,5.4972831057851055,0.19290551612862797,0.001,0.0014893617021276596,*,Unweighted-UniFrac,windows456,WindowSite
4PEN , 4FOX,1,0.5180271718673439,2.4836321362468023,0.15067262577313903,0.003,0.003795180722891566,*,Unweighted-UniFrac,windows456,WindowSite
4PEN , 4HOL,1,1.152218422331515,5.579264838871522,0.23661742115359946,0.002,0.002658227848101266,*,Unweighted-UniFrac,windows456,WindowSite
4PEN , 5EPS,1,0.8753187215659753,5.616644532089491,0.19627194676130613,0.001,0.0014893617021276596,*,Unweighted-UniFrac,windows456,WindowSite
4PEN , 5FOX,1,1.045035686224569,4.2617206610294485,0.14564149218692998,0.001,0.0014893617021276596,*,Unweighted-UniFrac,windows456,WindowSite
4PEN , 5HOL,1,1.0577508575170693,4.439507898740954,0.10219977420300447,0.001,0.0014893617021276596,*,Unweighted-UniFrac,windows456,WindowSite
4PEN , 5PEN,1,0.39965619639779837,1.892374702877795,0.05753232230788824,0.01,0.01141304347826087,.,Unweighted-UniFrac,windows456,WindowSite
4PEN , 6EPS,1,0.9759762210544924,5.081788359023475,0.2810445658428181,0.001,0.0014893617021276596,*,Unweighted-UniFrac,windows456,WindowSite
4PEN , 6FOX,1,1.1878289389252215,5.575984488823811,0.3001716809237533,0.001,0.0014893617021276596,*,Unweighted-UniFrac,windows456,WindowSite
4PEN , 6HOL,1,1.9366397690795139,6.795682462222092,0.1421819317590753,0.001,0.0014893617021276596,*,Unweighted-UniFrac,windows456,WindowSite
4PEN , 6HOP,1,1.7725319200647005,7.428996974817591,0.22908500625494224,0.001,0.0014893617021276596,*,Unweighted-UniFrac,windows456,WindowSite
4PEN , 6PEN,1,1.2061056209996706,5.996640731626746,0.31566848140909354,0.002,0.002658227848101266,*,Unweighted-UniFrac,windows456,WindowSite
5CNA , 4EPS,1,0.3286251392281818,1.7500708625649093,0.06087187996616919,0.056,0.05821782178217822,,Unweighted-UniFrac,windows456,WindowSite
5CNA , 4FOX,1,0.6104367443411185,2.7572524519087436,0.13283320893730322,0.005,0.005965909090909091,*,Unweighted-UniFrac,windows456,WindowSite
5CNA , 4HOL,1,1.278527453759219,5.881569775885254,0.21094830108784687,0.001,0.0014893617021276596,*,Unweighted-UniFrac,windows456,WindowSite
5CNA , 4MAP,1,0.6574936359146577,3.2601611319268966,0.06486571189792577,0.008,0.009385474860335195,*,Unweighted-UniFrac,windows456,WindowSite
5CNA , 4PEN,1,0.9027423810478147,4.785834336814429,0.193087481816419,0.001,0.0014893617021276596,*,Unweighted-UniFrac,windows456,WindowSite
5CNA , 5EPS,1,0.529627155777894,3.07564380835344,0.10226360665633322,0.003,0.003795180722891566,*,Unweighted-UniFrac,windows456,WindowSite
5CNA , 5FOX,1,0.42938599732474253,1.730584618676855,0.05631473140361517,0.091,0.09276699029126213,,Unweighted-UniFrac,windows456,WindowSite
5CNA , 5HOL,1,1.9011439015398837,7.893064761130561,0.1550911661181558,0.001,0.0014893617021276596,*,Unweighted-UniFrac,windows456,WindowSite
5CNA , 5MAP,1,0.2562273582062545,1.148968497827202,0.03810971171070103,0.238,0.2391387559808612,,Unweighted-UniFrac,windows456,WindowSite
5CNA , 5PEN,1,0.8385251962746315,3.855547843579431,0.09922773085327967,0.001,0.0014893617021276596,*,Unweighted-UniFrac,windows456,WindowSite
5CNA , 6CNA,1,0.7363232427643445,3.420273278053572,0.14603899952177785,0.003,0.003795180722891566,*,Unweighted-UniFrac,windows456,WindowSite
5CNA , 6EPS,1,0.6676384442815323,3.186635803622382,0.15785868604468295,0.002,0.002658227848101266,*,Unweighted-UniFrac,windows456,WindowSite
5CNA , 6FOX,1,0.8954825174240948,3.9702252930549227,0.1893267829778544,0.002,0.002658227848101266,*,Unweighted-UniFrac,windows456,WindowSite
5CNA , 6HOL,1,2.5499488250318314,9.000367661180002,0.16667234041167875,0.001,0.0014893617021276596,*,Unweighted-UniFrac,windows456,WindowSite
5CNA , 6HOP,1,1.188806454258402,4.904096626594498,0.1446461376218385,0.001,0.0014893617021276596,*,Unweighted-UniFrac,windows456,WindowSite
5CNA , 6MAP,1,0.4602467080624257,1.888920154724367,0.0758940180201356,0.063,0.06485294117647059,,Unweighted-UniFrac,windows456,WindowSite
5CNA , 6PEN,1,1.0910628108403329,5.040648422650985,0.2286978280308103,0.001,0.0014893617021276596,*,Unweighted-UniFrac,windows456,WindowSite
5EPS , 4FOX,1,0.7744957148184348,4.283578116308255,0.1694213570802025,0.001,0.0014893617021276596,*,Unweighted-UniFrac,windows456,WindowSite
5EPS , 4HOL,1,1.5729557682931894,8.559512297169203,0.2550547284887454,0.001,0.0014893617021276596,*,Unweighted-UniFrac,windows456,WindowSite
5EPS , 5FOX,1,0.9565850084993816,4.368458240283517,0.1201166739437086,0.002,0.002658227848101266,*,Unweighted-UniFrac,windows456,WindowSite
5EPS , 5HOL,1,2.635336266771078,11.921155644854535,0.20581695085556465,0.001,0.0014893617021276596,*,Unweighted-UniFrac,windows456,WindowSite
5EPS , 6EPS,1,1.176845587267991,6.9768987906302025,0.2586249384993603,0.001,0.0014893617021276596,*,Unweighted-UniFrac,windows456,WindowSite
5EPS , 6FOX,1,1.5476249705105432,8.489003664773998,0.29797474719238626,0.001,0.0014893617021276596,*,Unweighted-UniFrac,windows456,WindowSite
5EPS , 6HOL,1,3.523050468386619,13.462741797217866,0.21903906990734445,0.001,0.0014893617021276596,*,Unweighted-UniFrac,windows456,WindowSite
5EPS , 6HOP,1,2.3552967724132547,11.016095777491387,0.25609241327883764,0.001,0.0014893617021276596,*,Unweighted-UniFrac,windows456,WindowSite
5FOX , 6FOX,1,0.640705491716437,2.2763552322331706,0.09376841006226164,0.015,0.016755319148936167,.,Unweighted-UniFrac,windows456,WindowSite
5HOL , 4FOX,1,0.857566389302924,3.338378611872457,0.08275936531791836,0.001,0.0014893617021276596,*,Unweighted-UniFrac,windows456,WindowSite
5HOL , 5FOX,1,1.4351769723694265,5.417937410991496,0.10142543260902243,0.001,0.0014893617021276596,*,Unweighted-UniFrac,windows456,WindowSite
5HOL , 6FOX,1,0.9301994681148176,3.5800360585738096,0.0904505507088416,0.001,0.0014893617021276596,*,Unweighted-UniFrac,windows456,WindowSite
5HOL , 6HOL,1,1.6003894305938915,5.606565048713364,0.08054649794584279,0.001,0.0014893617021276596,*,Unweighted-UniFrac,windows456,WindowSite
5HOL , 6HOP,1,2.2963905280216044,8.783399119976483,0.15468251735719835,0.001,0.0014893617021276596,*,Unweighted-UniFrac,windows456,WindowSite
5HOP , 4CNA,1,1.4808198916265005,7.22127190072052,0.1889333227705693,0.001,0.0014893617021276596,*,Unweighted-UniFrac,windows456,WindowSite
5HOP , 4EPS,1,1.2819343576538547,5.53445065910253,0.14744989101792977,0.001,0.0014893617021276596,*,Unweighted-UniFrac,windows456,WindowSite
5HOP , 4FOX,1,0.5712153413326304,2.076436028618735,0.08280427195670795,0.002,0.002658227848101266,*,Unweighted-UniFrac,windows456,WindowSite
5HOP , 4HOL,1,1.189274003307074,4.5070907982253,0.14305004632414908,0.001,0.0014893617021276596,*,Unweighted-UniFrac,windows456,WindowSite
5HOP , 4MAP,1,1.7511404354069888,7.7032965600618235,0.1290263185436045,0.001,0.0014893617021276596,*,Unweighted-UniFrac,windows456,WindowSite
5HOP , 4PEN,1,1.1109633389887987,4.542220746878518,0.15375353077877388,0.001,0.0014893617021276596,*,Unweighted-UniFrac,windows456,WindowSite
5HOP , 5CNA,1,0.7642932695377337,3.0871269146098492,0.0962107614940191,0.001,0.0014893617021276596,*,Unweighted-UniFrac,windows456,WindowSite
5HOP , 5EPS,1,1.307377819656639,5.983850598387915,0.15753670320728033,0.001,0.0014893617021276596,*,Unweighted-UniFrac,windows456,WindowSite
5HOP , 5FOX,1,0.5594161927103254,1.9942580916104617,0.055404895040058716,0.018,0.019790575916230364,.,Unweighted-UniFrac,windows456,WindowSite
5HOP , 5HOL,1,1.6218203465066838,6.130110898678277,0.11324770625637048,0.001,0.0014893617021276596,*,Unweighted-UniFrac,windows456,WindowSite
5HOP , 5MAP,1,0.6428220274734815,2.481015681630692,0.06800840479011004,0.002,0.002658227848101266,*,Unweighted-UniFrac,windows456,WindowSite
5HOP , 5PEN,1,1.1823963855787922,4.751405936379722,0.10617333326095943,0.001,0.0014893617021276596,*,Unweighted-UniFrac,windows456,WindowSite
5HOP , 6CNA,1,0.8361757393999932,3.1445920465262893,0.11172988549018271,0.001,0.0014893617021276596,*,Unweighted-UniFrac,windows456,WindowSite
5HOP , 6EPS,1,0.5835547413673567,2.174569036596326,0.08995275296549798,0.003,0.003795180722891566,*,Unweighted-UniFrac,windows456,WindowSite
5HOP , 6FOX,1,0.7531728222453291,2.682747163061435,0.10868916435186181,0.001,0.0014893617021276596,*,Unweighted-UniFrac,windows456,WindowSite
5HOP , 6HOL,1,1.8411213730778178,6.09993817243322,0.1087334205910168,0.001,0.0014893617021276596,*,Unweighted-UniFrac,windows456,WindowSite
5HOP , 6HOP,1,0.6703357602456073,2.4318614066416884,0.06675095130325538,0.004,0.004855491329479769,*,Unweighted-UniFrac,windows456,WindowSite
5HOP , 6MAP,1,0.4091476827109996,1.4417167244577573,0.04896850064657058,0.08,0.08195121951219513,,Unweighted-UniFrac,windows456,WindowSite
5HOP , 6PEN,1,0.7051591816050992,2.5762288553389077,0.10482604432531768,0.001,0.0014893617021276596,*,Unweighted-UniFrac,windows456,WindowSite
5MAP , 4EPS,1,0.42658273910833955,2.0375221964474304,0.05986106111625513,0.022,0.023814432989690718,.,Unweighted-UniFrac,windows456,WindowSite
5MAP , 4FOX,1,0.6046343382353525,2.4768194788885336,0.09721855119870672,0.005,0.005965909090909091,*,Unweighted-UniFrac,windows456,WindowSite
5MAP , 4HOL,1,1.1719996489580955,4.935158932495934,0.15453685209232246,0.001,0.0014893617021276596,*,Unweighted-UniFrac,windows456,WindowSite
5MAP , 4PEN,1,1.0108171401264223,4.677820234308592,0.1576200744319109,0.001,0.0014893617021276596,*,Unweighted-UniFrac,windows456,WindowSite
5MAP , 5EPS,1,0.5719532931584245,2.914861171912967,0.08348482778037818,0.003,0.003795180722891566,*,Unweighted-UniFrac,windows456,WindowSite
5MAP , 5FOX,1,0.3785889788236229,1.458588305923281,0.04113497958066274,0.138,0.14,,Unweighted-UniFrac,windows456,WindowSite
5MAP , 5HOL,1,1.9704061580170147,7.89036257350252,0.141175727087577,0.001,0.0014893617021276596,*,Unweighted-UniFrac,windows456,WindowSite
5MAP , 5PEN,1,0.9419652687686834,4.077062336208968,0.092498504213147,0.001,0.0014893617021276596,*,Unweighted-UniFrac,windows456,WindowSite
5MAP , 6EPS,1,0.7288469256834965,3.0887364251832445,0.12311247457177128,0.002,0.002658227848101266,*,Unweighted-UniFrac,windows456,WindowSite
5MAP , 6FOX,1,0.9625778009858953,3.875705848633839,0.14978164736087635,0.001,0.0014893617021276596,*,Unweighted-UniFrac,windows456,WindowSite
5MAP , 6HOL,1,2.622824221741183,9.120428260355423,0.15426864332224974,0.001,0.0014893617021276596,*,Unweighted-UniFrac,windows456,WindowSite
5MAP , 6HOP,1,1.3505662702142793,5.302738166149766,0.1349203239665589,0.001,0.0014893617021276596,*,Unweighted-UniFrac,windows456,WindowSite
5MAP , 6MAP,1,0.345527368123701,1.337456021048838,0.04558868431159297,0.153,0.15447115384615384,,Unweighted-UniFrac,windows456,WindowSite
5MAP , 6PEN,1,1.1260616258204226,4.666013794828236,0.17497980128297955,0.001,0.0014893617021276596,*,Unweighted-UniFrac,windows456,WindowSite
5PEN , 4EPS,1,0.9435559297095147,4.570773644830304,0.10736881793515086,0.001,0.0014893617021276596,*,Unweighted-UniFrac,windows456,WindowSite
5PEN , 4FOX,1,0.5427995585244989,2.328751037009493,0.07433271228267213,0.001,0.0014893617021276596,*,Unweighted-UniFrac,windows456,WindowSite
5PEN , 4HOL,1,1.154345620071816,5.040976830999901,0.13251438976961202,0.001,0.0014893617021276596,*,Unweighted-UniFrac,windows456,WindowSite
5PEN , 5EPS,1,0.793763650143342,4.062998170173745,0.09659316612991123,0.001,0.0014893617021276596,*,Unweighted-UniFrac,windows456,WindowSite
5PEN , 5FOX,1,1.0109737386560225,4.056148664635748,0.09206770876664608,0.001,0.0014893617021276596,*,Unweighted-UniFrac,windows456,WindowSite
5PEN , 5HOL,1,1.4590656800637172,6.000036113785585,0.10000054170645774,0.001,0.0014893617021276596,*,Unweighted-UniFrac,windows456,WindowSite
5PEN , 6EPS,1,0.9961021848757657,4.401879615491381,0.1358526007666184,0.001,0.0014893617021276596,*,Unweighted-UniFrac,windows456,WindowSite
5PEN , 6FOX,1,1.2328689034792653,5.223417120919875,0.15722094755963054,0.001,0.0014893617021276596,*,Unweighted-UniFrac,windows456,WindowSite
5PEN , 6HOL,1,2.9388524561783416,10.601617149512009,0.15917957556064669,0.001,0.0014893617021276596,*,Unweighted-UniFrac,windows456,WindowSite
5PEN , 6HOP,1,2.2143226845054085,9.034053438477537,0.18424039631584732,0.001,0.0014893617021276596,*,Unweighted-UniFrac,windows456,WindowSite
5PEN , 6PEN,1,1.1885217720528942,5.156180693248634,0.155511901112861,0.001,0.0014893617021276596,*,Unweighted-UniFrac,windows456,WindowSite
6CNA , 4EPS,1,1.3135430657951856,6.657321631665293,0.22447480977369286,0.001,0.0014893617021276596,*,Unweighted-UniFrac,windows456,WindowSite
6CNA , 4FOX,1,0.7337094364707744,2.974655613500671,0.1752409993599399,0.001,0.0014893617021276596,*,Unweighted-UniFrac,windows456,WindowSite
6CNA , 4HOL,1,1.221382991996928,5.172425594765433,0.2232146813294274,0.001,0.0014893617021276596,*,Unweighted-UniFrac,windows456,WindowSite
6CNA , 4MAP,1,1.4930832025408285,7.176031729012306,0.14301712354951035,0.001,0.0014893617021276596,*,Unweighted-UniFrac,windows456,WindowSite
6CNA , 4PEN,1,1.149368472520077,5.6747835744604815,0.26181500520942275,0.001,0.0014893617021276596,*,Unweighted-UniFrac,windows456,WindowSite
6CNA , 5EPS,1,1.4240352854843854,7.9545671737595915,0.2569755580527947,0.001,0.0014893617021276596,*,Unweighted-UniFrac,windows456,WindowSite
6CNA , 5FOX,1,0.8623422740726818,3.23534839196423,0.11458503529161372,0.002,0.002658227848101266,*,Unweighted-UniFrac,windows456,WindowSite
6CNA , 5HOL,1,1.5528055512256589,6.16370513120781,0.13647474478237023,0.001,0.0014893617021276596,*,Unweighted-UniFrac,windows456,WindowSite
6CNA , 5MAP,1,0.8446900710307254,3.5579320021724667,0.12458647222431256,0.001,0.0014893617021276596,*,Unweighted-UniFrac,windows456,WindowSite
6CNA , 5PEN,1,1.2575477072480348,5.506164120437658,0.1508283396270352,0.001,0.0014893617021276596,*,Unweighted-UniFrac,windows456,WindowSite
6CNA , 6EPS,1,0.40971489358568985,1.7579816280798295,0.11912073563873664,0.016,0.017684210526315792,.,Unweighted-UniFrac,windows456,WindowSite
6CNA , 6FOX,1,0.5093088578362154,2.0049003791839453,0.13361637388578143,0.019,0.02078125,.,Unweighted-UniFrac,windows456,WindowSite
6CNA , 6HOL,1,1.7514803077969536,5.877788879221373,0.12538536948415477,0.001,0.0014893617021276596,*,Unweighted-UniFrac,windows456,WindowSite
6CNA , 6HOP,1,0.6791394768697648,2.612883018365122,0.09462550566079293,0.001,0.0014893617021276596,*,Unweighted-UniFrac,windows456,WindowSite
6CNA , 6MAP,1,0.4891589025782547,1.8323586907241651,0.08795733204901289,0.029,0.03091370558375635,.,Unweighted-UniFrac,windows456,WindowSite
6CNA , 6PEN,1,0.6199554472323041,2.5603568334058013,0.16454358089713542,0.004,0.004855491329479769,*,Unweighted-UniFrac,windows456,WindowSite
6EPS , 4FOX,1,0.6034266967215923,2.4500438624607925,0.1821588009314148,0.002,0.002658227848101266,*,Unweighted-UniFrac,windows456,WindowSite
6EPS , 4HOL,1,1.05399855839179,4.508805302604477,0.23111642320826994,0.001,0.0014893617021276596,*,Unweighted-UniFrac,windows456,WindowSite
6EPS , 5FOX,1,0.6773709657688172,2.5174668941806573,0.10268054628344132,0.009,0.010384615384615383,.,Unweighted-UniFrac,windows456,WindowSite
6EPS , 5HOL,1,1.1767203911891166,4.664780041253891,0.11471302774837423,0.001,0.0014893617021276596,*,Unweighted-UniFrac,windows456,WindowSite
6EPS , 6FOX,1,0.47467022835211037,1.855281993138274,0.1564941259273372,0.025,0.026785714285714288,.,Unweighted-UniFrac,windows456,WindowSite
6EPS , 6HOL,1,1.3418548101532806,4.444249754264856,0.10470793523257627,0.001,0.0014893617021276596,*,Unweighted-UniFrac,windows456,WindowSite
6EPS , 6HOP,1,0.44783406466750497,1.7122449012332608,0.07220931246135233,0.03,0.031818181818181815,.,Unweighted-UniFrac,windows456,WindowSite
6HOL , 4FOX,1,1.218617928796533,3.9948864301823535,0.09291538510444694,0.001,0.0014893617021276596,*,Unweighted-UniFrac,windows456,WindowSite
6HOL , 5FOX,1,1.8047833836493636,5.97332469131408,0.10671734659779855,0.001,0.0014893617021276596,*,Unweighted-UniFrac,windows456,WindowSite
6HOL , 6FOX,1,0.9343836817368552,3.0228657759985937,0.07368733799595233,0.001,0.0014893617021276596,*,Unweighted-UniFrac,windows456,WindowSite
6HOL , 6HOP,1,2.1411394853432832,7.165040325747817,0.1253395481734769,0.001,0.0014893617021276596,*,Unweighted-UniFrac,windows456,WindowSite
6HOP , 4FOX,1,1.0251171868522988,3.816750646247381,0.14232711101340983,0.001,0.0014893617021276596,*,Unweighted-UniFrac,windows456,WindowSite
6HOP , 5FOX,1,1.1315749501483865,4.098285347357415,0.10757138569339002,0.002,0.002658227848101266,*,Unweighted-UniFrac,windows456,WindowSite
6HOP , 6FOX,1,0.41849754833225083,1.5276947633927058,0.064931765681085,0.047,0.049350000000000005,.,Unweighted-UniFrac,windows456,WindowSite
6MAP , 4EPS,1,0.8560242666367921,3.813330927018298,0.12790690635518592,0.002,0.002658227848101266,*,Unweighted-UniFrac,windows456,WindowSite
6MAP , 4FOX,1,0.5560020177735561,1.9892327641378513,0.10475582604341026,0.011,0.012419354838709679,.,Unweighted-UniFrac,windows456,WindowSite
6MAP , 4HOL,1,1.0266592884672006,3.8854611439943785,0.1561337811468307,0.001,0.0014893617021276596,*,Unweighted-UniFrac,windows456,WindowSite
6MAP , 4PEN,1,1.0079596852044068,4.219186865732529,0.18171122400325368,0.001,0.0014893617021276596,*,Unweighted-UniFrac,windows456,WindowSite
6MAP , 5EPS,1,1.0101049468010035,4.849160561652442,0.15718938452024755,0.001,0.0014893617021276596,*,Unweighted-UniFrac,windows456,WindowSite
6MAP , 5FOX,1,0.467115998367107,1.6427315434174847,0.055417684467147975,0.056,0.05821782178217822,,Unweighted-UniFrac,windows456,WindowSite
6MAP , 5HOL,1,1.3999715746666652,5.285945271412776,0.11178681616857622,0.001,0.0014893617021276596,*,Unweighted-UniFrac,windows456,WindowSite
6MAP , 5PEN,1,1.003916964142931,4.07389624352934,0.10699972016186021,0.001,0.0014893617021276596,*,Unweighted-UniFrac,windows456,WindowSite
6MAP , 6EPS,1,0.2502413219882325,0.9250583187505926,0.054656137741384184,0.522,0.522,,Unweighted-UniFrac,windows456,WindowSite
6MAP , 6FOX,1,0.5876217181855011,2.043517827840966,0.11325495656328384,0.009,0.010384615384615383,.,Unweighted-UniFrac,windows456,WindowSite
6MAP , 6HOL,1,1.6899877699567087,5.501691707881712,0.11114148866564345,0.001,0.0014893617021276596,*,Unweighted-UniFrac,windows456,WindowSite
6MAP , 6HOP,1,0.5644114069676045,2.0270180042918096,0.06750647047276173,0.011,0.012419354838709679,.,Unweighted-UniFrac,windows456,WindowSite
6MAP , 6PEN,1,0.6877700148886038,2.47498307174471,0.13396402379008956,0.001,0.0014893617021276596,*,Unweighted-UniFrac,windows456,WindowSite
6PEN , 4EPS,1,1.606367450360012,8.212210661390511,0.29108710267179583,0.001,0.0014893617021276596,*,Unweighted-UniFrac,windows456,WindowSite
6PEN , 4FOX,1,0.7828998044297223,3.0460775841479872,0.2168632179268115,0.004,0.004855491329479769,*,Unweighted-UniFrac,windows456,WindowSite
6PEN , 4HOL,1,1.204566274227841,4.985151964437595,0.24944278498899486,0.001,0.0014893617021276596,*,Unweighted-UniFrac,windows456,WindowSite
6PEN , 5EPS,1,1.628242054925621,9.326773784671568,0.31802931523093275,0.001,0.0014893617021276596,*,Unweighted-UniFrac,windows456,WindowSite
6PEN , 5FOX,1,0.8976510894368724,3.2709433384511875,0.12943495201757108,0.003,0.003795180722891566,*,Unweighted-UniFrac,windows456,WindowSite
6PEN , 5HOL,1,1.14430202605174,4.478081598109177,0.11062978830297031,0.001,0.0014893617021276596,*,Unweighted-UniFrac,windows456,WindowSite
6PEN , 6EPS,1,0.4967162648727568,2.0663478022441693,0.17124881829279426,0.012,0.013475935828877007,.,Unweighted-UniFrac,windows456,WindowSite
6PEN , 6FOX,1,0.5358753326086348,2.002168296552666,0.16681721561326054,0.004,0.004855491329479769,*,Unweighted-UniFrac,windows456,WindowSite
6PEN , 6HOL,1,0.9899201067218946,3.245260016328776,0.0786820113400666,0.001,0.0014893617021276596,*,Unweighted-UniFrac,windows456,WindowSite
6PEN , 6HOP,1,0.5042935844971599,1.8893676736815215,0.07908822449758698,0.007,0.008258426966292134,*,Unweighted-UniFrac,windows456,WindowSite
